{"initial_reset_timestamp": 1595540921.461525, "timestamps": [1595540926.718164, 1595540929.848153, 1595540930.0690188, 1595540930.151204, 1595540930.2222981, 1595540930.292065, 1595540930.369005, 1595540930.459758, 1595540935.116895, 1595540935.33999, 1595540935.4100668, 1595540935.528873, 1595540935.608691, 1595540935.677978, 1595540935.745295, 1595540935.832335, 1595540935.87576, 1595540935.938686, 1595540935.9933271, 1595540936.055048, 1595540936.104482, 1595540936.1669881, 1595540936.2718048, 1595540936.357079, 1595540936.413815, 1595540936.49119, 1595540936.5334039, 1595540939.237806, 1595540939.418782, 1595540939.474209, 1595540939.540295, 1595540939.597781, 1595540939.643829, 1595540939.7039602, 1595540939.805992, 1595540939.8967302, 1595540939.946102, 1595540939.99121, 1595540940.11269], "episode_lengths": [118, 98, 85, 96, 89, 84, 81, 113, 152, 104, 98, 145, 115, 105, 102, 111, 67, 102, 91, 98, 82, 104, 141, 126, 93, 129, 71, 86, 62, 92, 108, 102, 84, 96, 124, 111, 87, 76, 146], "episode_rewards": [-128.1908181953586, -337.80659636093594, -352.51747361746027, -126.48175452611011, -368.86070929249786, -31.259287508185793, -413.0282357512174, -300.5085739330575, -43.127756769507315, -172.8933911498871, -133.81017842170152, -180.1990188142621, -183.01144277871188, -116.00636327937049, -247.76607423690774, -400.3732442111395, -88.29798719858285, -260.5626526190904, -66.07009364901069, -224.37858008847957, -166.48106742844547, -277.32096452738074, -141.53917309032664, -203.60754487874163, -106.4927297730834, -209.24987985086574, -298.37851029106525, -92.61195343177258, -110.08726713874677, -154.53965334728545, -145.21237694464497, -300.99798538574476, -345.7863557642672, -161.56840765537902, -179.69199960790678, -6.5694774625477805, -271.2945314210472, -2.7389352362707626, -295.2645401599036], "episode_types": ["t", "t", "t", "t", "t", "t", "t", "t", "t", "t", "t", "t", "t", "t", "t", "t", "t", "t", "t", "t", "t", "t", "t", "t", "t", "t", "t", "t", "t", "t", "t", "t", "t", "t", "t", "t", "t", "t", "t", "t"]}