{"initial_reset_timestamp": 1595540583.982419, "timestamps": [1595540585.3969831, 1595540586.9945998, 1595540588.542742, 1595540589.8364742, 1595540595.3122659, 1595540596.707092, 1595540598.23524, 1595540600.123465, 1595540602.7803211, 1595540604.069691, 1595540605.393918, 1595540606.858768, 1595540609.525811, 1595540611.1560588, 1595540612.656609, 1595540614.213967, 1595540616.4455822, 1595540618.1279979, 1595540619.749669, 1595540621.3779242, 1595540624.049984, 1595540625.773647, 1595540627.5786722, 1595540629.3501801, 1595540631.7279801, 1595540633.408036, 1595540635.2251909, 1595540636.780256, 1595540639.049597, 1595540640.5526881, 1595540641.9741929, 1595540643.282673, 1595540645.4603908, 1595540646.627861, 1595540647.884021, 1595540649.428055, 1595540651.667108, 1595540652.849849, 1595540654.09025, 1595540655.4392378, 1595540657.5286, 1595540658.689331, 1595540659.780271, 1595540660.8603892, 1595540662.7070022, 1595540663.830498, 1595540665.151259, 1595540666.7984, 1595540669.1849449, 1595540670.5557902, 1595540671.911533, 1595540673.301686, 1595540675.743063, 1595540677.131787, 1595540678.514037, 1595540679.92033, 1595540682.2089112, 1595540683.5978072, 1595540685.007039, 1595540686.395287, 1595540688.2253282, 1595540689.6028318, 1595540690.993783, 1595540692.344098, 1595540694.192074, 1595540695.574614, 1595540696.985734, 1595540698.3297632, 1595540700.175671, 1595540701.532994, 1595540702.905099, 1595540704.2921019, 1595540706.5265229, 1595540707.887476, 1595540709.280437, 1595540710.699857, 1595540712.972499, 1595540714.4903822, 1595540716.124674, 1595540717.662121, 1595540719.8554912, 1595540721.187684, 1595540722.461496, 1595540723.785516, 1595540725.965166, 1595540727.229716, 1595540728.598228, 1595540729.894824, 1595540732.0033941, 1595540733.333931, 1595540824.14623, 1595540826.501672, 1595540829.426261, 1595540830.658464, 1595540831.8454258, 1595540833.037065, 1595540835.0025952, 1595540836.1415, 1595540837.230432, 1595540838.389337, 1595540840.464108, 1595540841.617985, 1595540842.765101, 1595540843.910345, 1595540845.832347, 1595540846.900555, 1595540848.010331, 1595540849.381794, 1595540851.501794, 1595540852.909663, 1595540854.240253, 1595540855.592928, 1595540857.878365, 1595540859.519179, 1595540861.058072, 1595540862.653684, 1595540865.143714, 1595540866.5453818, 1595540868.013088, 1595540869.531819, 1595540871.926986, 1595540873.52225], "episode_lengths": [1000, 1000, 1000, 1000, 1000, 1000, 1000, 1000, 1000, 1000, 1000, 1000, 1000, 1000, 1000, 1000, 1000, 1000, 1000, 1000, 1000, 1000, 1000, 1000, 1000, 1000, 1000, 1000, 1000, 1000, 1000, 1000, 1000, 1000, 1000, 1000, 1000, 1000, 1000, 1000, 1000, 1000, 1000, 1000, 1000, 1000, 1000, 1000, 1000, 1000, 1000, 1000, 1000, 1000, 1000, 1000, 1000, 1000, 1000, 1000, 1000, 1000, 1000, 1000, 1000, 1000, 1000, 1000, 1000, 1000, 1000, 1000, 1000, 1000, 1000, 1000, 1000, 1000, 1000, 1000, 1000, 1000, 1000, 1000, 1000, 1000, 1000, 1000, 1000, 1000, 1000, 1000, 1000, 1000, 1000, 1000, 1000, 1000, 1000, 1000, 1000, 1000, 1000, 1000, 1000, 1000, 1000, 1000, 1000, 1000, 1000, 1000, 1000, 1000, 1000, 1000, 1000, 1000, 1000, 1000, 1000, 1000], "episode_rewards": [-1457.5775871310714, -1141.166446733044, -1104.1075519396534, -1105.4714753578207, -1121.3604383208294, -1146.1480028066655, -1161.0278478155692, -1119.339529432807, -1340.8242400612319, -1035.3794721487352, -1039.1214576888174, -1133.5203543538103, -1051.209833452481, -1085.2020675572555, -1102.109114934665, -1039.2269172478002, -1068.7772544680456, -946.115121349584, -1059.2956378880513, -960.9576735051756, -1282.020083654531, -1016.4282225882797, -798.5238515654814, -934.5387423461407, -890.7092970350054, -1021.0023212833323, -980.6977099010763, -950.3011302865914, -677.2200028351906, -1298.4959714605752, -990.8227446506795, -933.5536314361163, -1268.369822542458, -680.3831653508433, -859.5441595141561, -900.1163788449682, -872.5120803686063, -907.9966076097949, -887.5443864279349, -883.0565355435951, -1277.087926530939, -917.0695203008453, -943.269337046436, -1326.534592199371, -894.7110356776446, -813.3247382569178, -827.3969101495758, -872.3960069847275, -925.0655167326727, -774.3288331557327, -782.4756145902412, -809.815434016441, -785.729484786464, -781.4963857494954, -814.3573914400275, -789.030421432914, -718.0521658178716, -864.7479464264773, -787.9903479206966, -746.8292087194465, -747.3057947105225, -784.4768164855099, -658.8692742335585, -636.4408204093704, -730.5347047840835, -604.0930372244375, -723.0524140420872, -612.3531399527964, -690.8911607188224, -792.5901193927104, -756.9006328343654, -920.2183376538767, -634.323035993364, -615.2595391510843, -1188.0241548437243, -708.0444928134104, -698.0431230400088, -728.3709701105178, -736.9101841616227, -714.6474306864906, -564.7473491065574, -661.1635945353027, -711.5217591106629, -686.1391402456867, -542.9028290798458, -666.793754081946, -1284.8697662063403, -639.5230025544404, -585.8371422482038, -643.7147510283711, -613.7801151411115, -1271.7331347645752, -588.0978301315786, -489.8207001049302, -1139.6725110067923, -1237.0662512904282, -587.8689888815558, -582.4635698710666, -395.9043121992933, -1078.9304814964842, -509.4949848784607, -573.7536181721646, -564.3012811705104, -1118.8920120303148, -542.4068025919192, -580.2222269703541, -422.1434046446211, -605.5015832598345, -485.8572984633338, -512.1095741349748, -488.0574770977465, -1159.1336320157977, -533.2348590135093, -513.9734457575976, -1247.4943728551166, -506.00422443169657, -1074.9318846294336, -554.5206385448953, -543.6813834199345, -1131.2174932644177, -465.05772687512723, -503.9655963252456], "episode_types": ["t", "t", "t", "t", "t", "t", "t", "t", "t", "t", "t", "t", "t", "t", "t", "t", "t", "t", "t", "t", "t", "t", "t", "t", "t", "t", "t", "t", "t", "t", "t", "t", "t", "t", "t", "t", "t", "t", "t", "t", "t", "t", "t", "t", "t", "t", "t", "t", "t", "t", "t", "t", "t", "t", "t", "t", "t", "t", "t", "t", "t", "t", "t", "t", "t", "t", "t", "t", "t", "t", "t", "t", "t", "t", "t", "t", "t", "t", "t", "t", "t", "t", "t", "t", "t", "t", "t", "t", "t", "t", "t", "t", "t", "t", "t", "t", "t", "t", "t", "t", "t", "t", "t", "t", "t", "t", "t", "t", "t", "t", "t", "t", "t", "t", "t", "t", "t", "t", "t", "t", "t", "t", "t", "t", "t", "t", "t", "t", "t", "t", "t", "t", "t", "t", "t", "t", "t", "t", "t", "t", "t", "t", "t", "t", "t", "t", "t", "t", "t", "t", "t", "t", "t"]}