{"initial_reset_timestamp": 1566968750.191335, "timestamps": [1566968757.9297569, 1566968764.680439, 1566968771.430926, 1566968778.180598, 1566968784.9315279], "episode_lengths": [200, 200, 200, 200, 200], "episode_rewards": [200.0, 200.0, 200.0, 200.0, 200.0], "episode_types": ["t", "t", "t", "t", "t", "t"]}