{"initial_reset_timestamp": 1566967433.161417, "timestamps": [1566967445.6807091, 1566967457.453044, 1566967468.941346, 1566967482.327507, 1566967495.760957, 1566967506.169584, 1566967519.022327, 1566967539.29246, 1566967549.782516, 1566967565.079472, 1566967577.5326889, 1566967592.746482], "episode_lengths": [330, 350, 342, 399, 401, 310, 383, 604, 310, 456, 371, 454], "episode_rewards": [30.748327210450782, -8.628520777652852, 20.261374469765997, 226.00416120561928, 228.35847023235112, -6.71253951557884, 229.59363382991492, -62.79870055621242, 6.3132538379954894, 265.2505247682943, 219.32460378133766, 264.8460953561481], "episode_types": ["t", "t", "t", "t", "t", "t", "t", "t", "t", "t", "t", "t", "t"]}