{"DeltaValLoss": -2.9405136108398438, "_runtime": 2600.139617204666, "AvgEarlyStopStep": 2.0, "global_step": 99, "PolicyLoss": 3.194809039541724e-08, "Entropy": 0.36018386483192444, "MeanEpReturn": 773.2244505455358, "MeanEpLength": 1000.0, "MaxEpReturn": 813.4739251580356, "_timestamp": 1595479350.6723661, "_step": 99, "DeltaPolLoss": -0.005933823995292187, "KL": 0.021364986896514893, "TimesEarlyStopped": 1, "MinEpReturn": 741.9913322072697, "ValueLoss": 14.444215774536133, "epoch": 99}
