{"initial_reset_timestamp": 1567312520.7436879, "timestamps": [1567312527.2709062, 1567312558.771961, 1567312592.22878, 1567312623.847729, 1567312654.291581], "episode_lengths": [179, 1000, 1000, 1000, 1000], "episode_rewards": [43.59847930364627, 693.73453284732, 678.2916594168721, 684.9541156521085, 695.4039607451929], "episode_types": ["t", "t", "t", "t", "t", "t"]}