{"DeltaPolLoss": -0.02967412956058979, "epoch": 99, "MinEpReturn": -11.139991808209809, "AvgEarlyStopStep": 0, "_timestamp": 1595442224.3369012, "MeanEpLength": 1000.0, "TimesEarlyStopped": 0, "KL": 0.008885541930794716, "PolicyLoss": 8.82148754044465e-09, "Entropy": 0.32715755701065063, "_runtime": 547.5630462169647, "ValueLoss": 170.56442260742188, "global_step": 99, "DeltaValLoss": -36.633880615234375, "MaxEpReturn": 224.59547583707902, "MeanEpReturn": 73.59716917840274, "_step": 99}
