{"grad_2.0_norm_ac.value_f.layers.0.weight": 1.997, "MinEpReturn": 700.578433996693, "grad_2.0_norm_ac.policy.net.layers.0.bias": 0.0, "MaxEpReturn": 707.4398511002232, "grad_2.0_norm_ac.policy.net.layers.1.bias": 0.0, "_step": 99, "grad_2.0_norm_ac.policy.net.layers.0.weight": 0.0, "grad_2.0_norm_ac.value_f.layers.1.bias": 0.265, "AvgEarlyStopStep": 0, "grad_2.0_norm_ac.value_f.layers.0.bias": 0.765, "epoch": 99, "MeanEpLength": 1000.0, "TimesEarlyStopped": 0, "DeltaPolLoss": -0.021651050075888634, "_timestamp": 1595400599.434685, "grad_2.0_norm_ac.value_f.layers.2.weight": 2.426, "grad_2.0_norm_ac.policy.logstd": 0.0, "grad_2.0_norm_ac.value_f.layers.1.weight": 1.482, "global_step": 99, "grad_2.0_norm_ac.policy.net.layers.2.bias": 0.0, "grad_2.0_norm_ac.value_f.layers.2.bias": 0.42, "KL": 0.013146881014108658, "ValueLoss": 6.772124767303467, "_runtime": 559.758092880249, "Entropy": 0.3027656376361847, "DeltaValLoss": -1.0801334381103516, "PolicyLoss": -9.417534307942788e-09, "grad_2.0_norm_ac.policy.net.layers.1.weight": 0.0, "grad_2.0_norm_ac.policy.net.layers.2.weight": 0.0, "grad_2.0_norm_total": 3.592, "MeanEpReturn": 704.0939447197541}
