{"_timestamp": 1595400088.75859, "DeltaValLoss": -203.76876831054688, "AvgEarlyStopStep": 0, "ValueLoss": 556.0440673828125, "Entropy": 0.3872096836566925, "TimesEarlyStopped": 0, "MaxEpReturn": 409.9614473764876, "MeanEpReturn": -605.0775474168628, "global_step": 99, "PolicyLoss": -8.308887800012599e-08, "_runtime": 632.061516046524, "KL": 0.012412269599735737, "MinEpReturn": -1023.8748416682332, "epoch": 99, "_step": 99, "DeltaPolLoss": -0.014842940494418144, "MeanEpLength": 1000.0}
