{"Entropy": -0.22693099081516266, "MeanEpLength": 1000.0, "PolicyLoss": 2.3365020140886372e-08, "MinEpReturn": 854.4906881644507, "MeanEpReturn": 858.6844343772178, "ValueLoss": 0.6848533749580383, "global_step": 249, "DeltaValLoss": -0.12396538257598877, "MaxEpReturn": 862.6034976120021, "_runtime": 3632.082006931305, "DeltaPolLoss": -0.026788800954818726, "KL": 0.00883485097438097, "epoch": 249, "_timestamp": 1595406974.181767, "_step": 249, "AvgEarlyStopStep": 0, "TimesEarlyStopped": 0}
