{"AvgEarlyStopStep": 2.0, "MinEpReturn": 868.7212560036797, "global_step": 99, "PolicyLoss": -3.52859501617786e-08, "ValueLoss": 10.045485496520996, "_timestamp": 1595401298.084427, "Entropy": 0.25596800446510315, "epoch": 99, "DeltaPolLoss": 0.001248262356966734, "TimesEarlyStopped": 1, "MeanEpReturn": 877.9963691015178, "DeltaValLoss": -2.869119167327881, "MaxEpReturn": 895.4958209201629, "_runtime": 541.5963122844696, "_step": 99, "MeanEpLength": 1000.0, "KL": 0.016206474974751472}
