{"PolicyLoss": -3.0994415922691587e-09, "DeltaPolLoss": -0.004282164387404919, "AvgEarlyStopStep": 2.0, "epoch": 99, "_step": 99, "DeltaValLoss": -0.5404720306396484, "MeanEpReturn": 858.011113744728, "_timestamp": 1595445142.216013, "global_step": 99, "MeanEpLength": 1000.0, "KL": 0.01827503927052021, "MaxEpReturn": 874.3698945401136, "ValueLoss": 10.378890037536621, "_runtime": 1324.6194479465485, "Entropy": 0.17895954847335815, "MinEpReturn": 827.3717558041772, "TimesEarlyStopped": 1}
