{"initial_reset_timestamp": 1566974392.7543302, "timestamps": [1566974396.5169642, 1566974399.2431989, 1566974402.086366, 1566974405.2330601, 1566974408.988037, 1566974412.981162, 1566974416.297633, 1566974419.5287092, 1566974421.970242, 1566974424.697236, 1566974428.03932, 1566974431.082481, 1566974436.8184268, 1566974439.429709, 1566974442.272408, 1566974444.91556, 1566974452.565023, 1566974455.225861, 1566974458.766496, 1566974461.660189, 1566974464.9847739, 1566974467.59906, 1566974470.504698, 1566974473.331975, 1566974479.976504, 1566974482.324138, 1566974485.138502, 1566974487.917641, 1566974490.231591, 1566974492.577735, 1566974495.324406, 1566974498.4845262, 1566974503.3927748, 1566974506.900733, 1566974509.794917, 1566974512.472785, 1566974515.449018, 1566974518.49262, 1566974521.719017, 1566974524.062752, 1566974527.072688, 1566974529.550879, 1566974532.5938811, 1566974535.2704918, 1566974538.945591, 1566974541.589334, 1566974545.097685, 1566974548.9383402, 1566974551.5325491, 1566974554.1762838, 1566974557.4852538, 1566974560.0963352, 1566974562.805758, 1566974565.898057, 1566974568.708363, 1566974571.352103, 1566974574.395482, 1566974576.739069, 1566974580.2145212, 1566974582.8250098, 1566974585.468538, 1566974589.0765, 1566974592.435072, 1566974595.6109922, 1566974598.454543, 1566974601.231124, 1566974603.974706, 1566974606.8849669, 1566974609.5270069, 1566974612.30404, 1566974615.081632, 1566974617.725506, 1566974620.3349051, 1566974623.1785622, 1566974627.085241, 1566974629.897305, 1566974632.74101, 1566974635.3673751, 1566974639.258404, 1566974641.597993, 1566974644.79363, 1566974647.3171048, 1566974648.866035], "episode_lengths": [66, 75, 80, 84, 78, 91, 80, 87, 68, 78, 96, 87, 168, 74, 81, 75, 224, 70, 96, 80, 89, 74, 80, 80, 195, 66, 80, 79, 65, 66, 78, 90, 143, 98, 82, 76, 85, 87, 92, 66, 86, 70, 87, 75, 106, 75, 101, 111, 73, 75, 95, 74, 77, 88, 80, 75, 87, 66, 100, 74, 75, 104, 96, 91, 81, 79, 78, 83, 75, 79, 79, 75, 74, 81, 113, 79, 80, 74, 76, 78, 88, 79, 80], "episode_rewards": [-65.0, -74.0, -79.0, -83.0, -77.0, -90.0, -79.0, -86.0, -67.0, -77.0, -95.0, -86.0, -167.0, -73.0, -80.0, -74.0, -223.0, -69.0, -95.0, -79.0, -88.0, -73.0, -79.0, -79.0, -194.0, -65.0, -79.0, -78.0, -64.0, -65.0, -77.0, -89.0, -142.0, -97.0, -81.0, -75.0, -84.0, -86.0, -91.0, -65.0, -85.0, -69.0, -86.0, -74.0, -105.0, -74.0, -100.0, -110.0, -72.0, -74.0, -94.0, -73.0, -76.0, -87.0, -79.0, -74.0, -86.0, -65.0, -99.0, -73.0, -74.0, -103.0, -95.0, -90.0, -80.0, -78.0, -77.0, -82.0, -74.0, -78.0, -78.0, -74.0, -73.0, -80.0, -112.0, -78.0, -79.0, -73.0, -75.0, -77.0, -87.0, -78.0, -79.0], "episode_types": ["t", "t", "t", "t", "t", "t", "t", "t", "t", "t", "t", "t", "t", "t", "t", "t", "t", "t", "t", "t", "t", "t", "t", "t", "t", "t", "t", "t", "t", "t", "t", "t", "t", "t", "t", "t", "t", "t", "t", "t", "t", "t", "t", "t", "t", "t", "t", "t", "t", "t", "t", "t", "t", "t", "t", "t", "t", "t", "t", "t", "t", "t", "t", "t", "t", "t", "t", "t", "t", "t", "t", "t", "t", "t", "t", "t", "t", "t", "t", "t", "t", "t", "t", "t"]}