{"MaxEpReturn": 740.1357547090515, "DeltaPolLoss": -0.007173226680606604, "_timestamp": 1595443701.8302999, "KL": 0.020595097914338112, "Entropy": 0.41509386897087097, "_step": 99, "TimesEarlyStopped": 1, "global_step": 99, "PolicyLoss": -6.675720420901143e-09, "epoch": 99, "DeltaValLoss": -127.91629791259766, "_runtime": 629.8261120319366, "MeanEpReturn": 539.0197870317111, "MeanEpLength": 1000.0, "MinEpReturn": 157.20226643884453, "ValueLoss": 224.62911987304688, "AvgEarlyStopStep": 2.0}
