{"_step": 99, "_timestamp": 1595441612.899486, "MinEpReturn": -1280.8466829324939, "DeltaValLoss": -300.9117431640625, "global_step": 99, "TimesEarlyStopped": 0, "MeanEpReturn": 303.5172078019275, "PolicyLoss": 3.8862228990410586e-08, "KL": 0.010033128783106804, "AvgEarlyStopStep": 0, "_runtime": 537.8718481063843, "MeanEpLength": 1000.0, "epoch": 99, "DeltaPolLoss": -0.02231021225452423, "Entropy": 0.3330402374267578, "MaxEpReturn": 842.8271378795977, "ValueLoss": 977.6226806640625}
