{"MinEpReturn": 354.35337766553323, "DeltaValLoss": -7.919944763183594, "KL": 0.016787871718406677, "_step": 99, "ValueLoss": 46.391685485839844, "MeanEpLength": 1000.0, "MaxEpReturn": 420.059323055403, "global_step": 99, "_runtime": 540.8492588996887, "PolicyLoss": 5.006790093631253e-09, "_timestamp": 1595442941.365134, "AvgEarlyStopStep": 73.0, "MeanEpReturn": 398.3222672469841, "Entropy": 0.2601006329059601, "TimesEarlyStopped": 1, "DeltaPolLoss": -0.02288520149886608, "epoch": 99}
