{"_timestamp": 1595399731.179706, "AvgEarlyStopStep": 7.0, "grad_2.0_norm_ac.value_f.layers.0.bias": 2.964, "epoch": 4, "KL": 0.015119369141757488, "MaxEpReturn": -1361.9117517074817, "grad_2.0_norm_ac.value_f.layers.1.bias": 0.861, "grad_2.0_norm_ac.policy.net.layers.2.bias": 0.0, "MeanEpReturn": -1383.690055248331, "_runtime": 34.27294301986694, "PolicyLoss": -9.775161657898934e-08, "grad_2.0_norm_ac.value_f.layers.2.weight": 1270.753, "MinEpReturn": -1411.084102439961, "grad_2.0_norm_ac.policy.net.layers.1.bias": 0.0, "DeltaPolLoss": -0.009494290687143803, "Entropy": 0.8692989349365234, "_step": 4, "grad_2.0_norm_ac.value_f.layers.2.bias": 224.773, "MeanEpLength": 1000.0, "grad_2.0_norm_ac.policy.net.layers.1.weight": 0.0, "TimesEarlyStopped": 1, "grad_2.0_norm_ac.value_f.layers.1.weight": 3.27, "ValueLoss": 14000.087890625, "grad_2.0_norm_ac.policy.net.layers.0.bias": 0.0, "DeltaValLoss": -595.0263671875, "grad_2.0_norm_ac.policy.logstd": 0.0, "grad_2.0_norm_ac.policy.net.layers.0.weight": 0.0, "grad_2.0_norm_total": 1290.493, "grad_2.0_norm_ac.value_f.layers.0.weight": 3.792, "grad_2.0_norm_ac.policy.net.layers.2.weight": 0.0, "global_step": 4}
